{"loss": [0.1715974509716034, 0.0557849258184433, 0.04077420383691788, 0.031494658440351486, 0.025697557255625725, 0.021778538823127747, 0.019105874001979828, 0.017960606142878532, 0.012463663704693317, 0.014898186549544334, 0.01203114166855812, 0.011445801705121994, 0.010943794623017311, 0.01099774893373251, 0.010212130844593048, 0.008045440539717674, 0.010269795544445515, 0.007122483104467392], "accuracy": [0.945145845413208, 0.9820625185966492, 0.9878333210945129, 0.9896875023841858, 0.992104172706604, 0.9933541417121887, 0.9937708377838135, 0.9943125247955322, 0.9959791898727417, 0.9955624938011169, 0.9962708353996277, 0.9968125224113464, 0.996791660785675, 0.9965208172798157, 0.996958315372467, 0.9975208044052124, 0.9973333477973938, 0.9978958368301392], "val_loss": [0.07286104559898376, 0.04524436593055725, 0.036820728331804276, 0.040450263768434525, 0.03380008041858673, 0.035890381783246994, 0.037793852388858795, 0.03541523963212967, 0.03379492461681366, 0.03559558093547821, 0.03646988049149513, 0.07434208691120148, 0.06281387805938721, 0.04131248593330383, 0.04388533905148506, 0.04339597746729851, 0.04238220304250717, 0.04932082071900368], "val_accuracy": [0.9791666865348816, 0.9863333106040955, 0.9891666769981384, 0.9885833263397217, 0.9902499914169312, 0.9900000095367432, 0.9900833368301392, 0.9909166693687439, 0.9919999837875366, 0.9916666746139526, 0.9920833110809326, 0.9838333129882812, 0.9860833287239075, 0.9909999966621399, 0.9896666407585144, 0.9914166927337646, 0.9918333292007446, 0.9913333058357239]}